<b><div style='background: #F4C430; border: 1px solid #000000;'>&nbsp;<br />RX NAME,<center><b><div style='background: #C6E0B4; border: 1px solid #000000;'>&nbsp;<br />AGENCY,<center><b><div style='background: #C6E0B4; border: 1px solid #000000;'>&nbsp;<br />UNIT,<center><b><div style='background: #C6E0B4; border: 1px solid #000000;'>&nbsp;<br />PLANNED,<center><b><div style='background: #C6E0B4; border: 1px solid #000000;'>&nbsp;<br />ACRES,<center><b><div style='background: #C6E0B4; border: 1px solid #000000;'>PILES<br />(Cu.Ft),<center><b><div style='background: #C6E0B4; border: 1px solid #000000;'>&nbsp;<br />NOTES
-,<center>,<center>,<center>,<center>,,
,<center>,<center>,<center>,<center>,,
,<center>,<center>,<center>,<center>,,
,<center>,<center>,<center>,<center>,,
,<center>,<center>,<center>,<center>,,
,<center>,<center>,<center>,<center>,,
,<center>,<center>,<center>,<center>,,
,<center>,<center>,<center>,<center>,,
,<center>,<center>,<center>,<center>,,
,<center>,<center>,<center>,<center>,,
,<center>,<center>,<center>,<center>,,
,<center>,<center>,<center>,<center>,,
,<center>,<center>,<center>,<center>,,
,<center>,<center>,<center>,<center>,,
,<center>,<center>,<center>,<center>,,
,,,,,<div style='font-size: 11px; color: #cc0000; border-top: 1px dashed #ccc; text-align: right;'>Posted:,<center><div style='font-size: 11px; color: #cc0000; border-top: 1px dashed #ccc;'>11/30/2020-09:38
,,,,,,<center>&nbsp;
